,Linear SVC,kNN,Árbol de decisión,Random forest,Red neuronal
less_data,0.825255830142708,0.798120431604594,0.777995127044901,0.808750435085277,0.801615036547163
replaced_data,0.832363383223112,0.799310824921685,0.783967977723634,0.813470240167073,0.806348764357814
corr_data,0.826446223459798,0.769808562478246,0.769773755656108,0.798057779324748,0.793372781065089
