,Linear SVC,kNN,Árbol de decisión,Random forest,Red neuronal
less_data,0.822736565801784,0.795062084945163,0.758672529130933,0.801303506511728,0.803364631478301
replaced_data,0.818263130024423,0.780957806290212,0.750029834787165,0.795274609376925,0.792687773444932
corr_data,0.810525404177045,0.747574747900269,0.744729501839403,0.781933002931443,0.777619137636942
